Order ID,ProductID,Quantity,Order Date
1,24,3,03-03-2024
2,12,9,12-15-2023
3,7,2,09-22-2024
4,7,8,07-19-2024
5,28,10,04-01-2024
6,1,7,05-24-2024
7,40,10,10-30-2023
8,10,3,07-22-2024
9,10,6,08-11-2024
10,47,8,09-28-2024
11,20,2,01-19-2024
12,42,9,09-09-2024
13,47,10,06-28-2024
14,45,2,06-18-2024
15,39,8,05-21-2024
16,29,8,08-30-2024
17,28,6,06-07-2024
18,41,2,09-19-2024
19,4,7,12-18-2023
20,36,1,06-12-2024
21,3,9,01-27-2024
22,50,5,11-02-2023
23,17,9,06-23-2024
24,42,10,12-08-2023
25,30,7,08-02-2024
26,6,1,10-23-2023
27,17,10,02-25-2024
28,49,1,03-20-2024
29,11,3,10-12-2023
30,2,4,06-14-2024
31,22,2,10-31-2023
32,34,3,02-11-2024
33,7,2,09-18-2024
34,34,3,04-06-2024
35,35,5,09-26-2024
36,2,3,05-24-2024
37,9,5,01-18-2024
38,5,8,06-15-2024
39,47,1,12-01-2023
40,43,7,11-04-2023
41,3,4,05-14-2024
42,25,2,12-09-2023
43,23,2,11-25-2023
44,19,1,02-21-2024
45,44,1,10-13-2023
46,35,8,12-07-2023
47,26,2,07-22-2024
48,26,2,03-16-2024
49,30,10,03-13-2024
50,31,8,09-20-2024
